CodigoAbastecimentoFerrovia;CodigoAbastecimento;CodigoFerrovia;Litros
3;34;12;0
4;39;4;153991
5;44;1;45001
6;50;11;0
11;63;5;406834
12;64;5;308543
13;117;7;7891717
14;118;7;1250850
15;118;9;3500
16;118;1;18100
18;119;7;86000
19;120;7;230171
20;121;7;6131852
21;122;7;788400
22;122;9;3600
23;122;1;11200
24;123;7;412900
26;125;7;166101
27;126;5;157069
28;126;1;131260
29;127;5;49600
30;127;1;16200
31;128;5;186750
32;128;1;175550
33;129;5;24250
34;129;1;36650
35;145;5;25901
36;145;9;22149
37;157;5;8800
38;157;9;17300
39;158;5;279400
40;158;9;151500
41;172;5;7651
42;172;9;14600
43;184;5;1200
44;184;9;14500
45;185;5;309720
46;185;9;112500
49;209;5;113507
50;209;1;882287
51;210;5;186059
52;210;1;706193
54;233;4;93960
60;293;5;336428
61;294;5;133008
62;294;1;830425
63;295;5;18250
64;295;1;8000
65;296;5;98710
66;296;1;48425
67;297;5;34795
68;297;1;15800
69;298;5;101350
70;298;1;327790
71;299;7;4030760
72;300;7;827932
73;300;9;3000
74;300;1;30500
75;301;7;92920
76;302;1;0
77;304;1;0
78;306;1;0
79;308;1;0
80;315;4;155066
81;320;5;159205
82;320;1;0
83;320;4;0
84;320;11;0
85;373;5;18855
86;373;9;20300
87;380;9;19502
88;385;5;5100
89;386;5;277400
90;386;9;104098
91;387;5;232520
92;388;7;4405742
93;389;7;689500
94;389;9;118424
95;389;1;219609
96;390;7;728700
97;391;7;123883
98;392;5;132171
99;392;1;405525
100;393;5;98550
101;393;1;56110
102;394;5;24200
103;394;1;9000
104;395;5;48310
105;395;1;139530
106;396;5;88940
107;396;1;262900
108;397;7;0
109;398;5;30790
110;398;1;12700
111;399;5;123030
112;399;1;98590
113;400;5;47599
114;400;1;44550
115;401;5;100680
116;401;1;207580
117;417;5;1400
118;417;9;1600
119;430;5;213152
120;430;9;127830
121;444;1;0
122;451;4;111922
123;456;5;144162
124;462;4;12506
127;514;5;60182
128;521;9;59303
129;526;5;41950
130;526;9;6100
131;527;5;226370
132;527;9;119500
133;529;5;331298
134;530;5;137290
135;530;1;285187
136;531;5;29000
137;531;1;11100
138;532;5;101090
139;532;1;70340
140;533;5;70750
141;533;1;302705
142;534;5;96650
143;534;1;200800
144;535;7;5164927
145;536;7;777996
146;536;9;152623
147;536;1;312159
148;537;7;1541495
149;538;7;174702
150;545;4;93960
151;550;5;56007
152;556;4;34554
153;558;12;0
154;579;4;98261
155;584;5;90255
156;590;4;35998
157;599;1;0
158;608;7;4106450
159;609;7;880304
160;609;9;107456
161;609;1;279731
162;610;7;1578697
163;611;7;203100
164;612;5;221853
165;613;5;0
166;613;1;209050
167;614;5;70800
168;614;1;5300
169;615;5;84880
170;615;1;46120
171;616;5;66640
172;616;1;305165
173;617;5;62100
174;617;1;211700
175;632;5;72663
176;639;9;64708
177;644;5;36200
178;644;9;5400
179;645;5;240400
180;645;9;144200
181;671;12;0
182;682;4;27679
183;687;5;136079
184;687;1;0
185;687;4;0
186;687;11;0
187;693;4;0
188;693;11;0
189;695;1;0
190;747;1;0
191;749;12;0
192;768;4;9037
193;773;5;104903
194;773;1;0
195;773;4;0
196;773;11;0
197;779;4;0
198;779;11;0
199;795;9;191289
200;795;5;49286
201;802;9;81057
202;807;9;30900
203;807;5;22700
204;808;9;200500
205;808;5;245370
206;809;7;4156114
207;810;7;970395
208;810;9;23772
209;810;1;68461
210;811;7;1812685
211;812;7;150795
212;813;5;152579
213;814;5;73200
214;814;1;15700
215;815;5;73200
216;815;1;15700
217;816;5;74595
218;816;1;272760
219;817;5;77750
220;817;1;337850
221;818;5;0
222;818;1;361160
223;819;7;213604
224;838;5;118215
225;839;5;0
226;839;1;427463
227;840;5;44310
228;840;1;14100
229;841;5;135200
230;841;1;71748
231;842;5;78096
232;842;1;252850
233;843;5;70000
234;843;1;355360
235;844;7;4694388
236;845;7;1135818
237;845;9;0
238;845;1;17245
239;846;7;1474384
240;861;9;61783
241;861;5;30068
242;868;9;53218
243;868;5;1602
244;873;9;36592
245;873;5;18813
246;874;9;182462
247;874;5;220769
248;902;9;47944
249;902;5;29898
250;909;9;92053
251;914;9;31450
252;914;5;12000
253;915;9;179300
254;915;5;228620
255;916;5;80460
256;916;1;84330
257;917;5;14150
258;917;1;34000
259;918;5;149310
260;918;1;227200
261;919;5;73060
262;919;1;185030
263;920;5;0
264;920;1;345619
265;921;5;376311
266;922;7;4618020
267;923;7;1152052
268;923;9;0
269;923;1;6405
270;924;7;1854057
271;925;7;139914
272;935;1;0
273;950;4;63574
274;955;5;36002
275;955;1;0
276;955;4;18000
277;955;11;0
278;961;4;0
279;961;11;0
280;962;12;0
281;969;1;0
282;1003;9;90647
283;1003;5;51938
284;1010;9;78801
285;1015;9;17150
286;1015;5;33325
287;1016;9;197397
288;1016;5;196140
289;1018;12;0
290;1025;5;0
291;1025;1;364311
292;1026;5;109730
293;1026;1;58230
294;1027;5;36850
295;1027;1;21600
296;1028;5;135880
297;1028;1;207800
298;1029;5;75020
299;1029;1;294710
300;1030;5;431871
301;1031;7;5055609
302;1032;7;973078
303;1032;9;0
304;1032;1;17066
305;1033;7;1666535
306;1034;7;94900
307;1040;4;18613
308;1045;5;41000
309;1045;1;0
310;1045;4;0
311;1045;11;0
312;1051;4;0
313;1051;11;0
314;1073;9;15000
315;1073;5;8157
316;1080;9;80122
317;1085;9;8400
318;1085;5;12280
319;1086;9;80421
320;1086;5;240650
321;1087;5;0
322;1087;1;385487
323;1088;5;130463
324;1088;1;90910
325;1089;5;25200
326;1089;1;19600
327;1090;5;117790
328;1090;1;167850
329;1091;5;43200
330;1091;1;283200
331;1092;5;375355
332;1093;7;4792093
333;1094;7;1100623
334;1094;9;0
335;1094;1;19900
336;1095;7;1777991
337;1096;7;94300
338;1109;12;0
339;1128;4;0
340;1133;5;39400
341;1133;1;0
342;1133;4;0
343;1133;11;0
344;1139;4;0
345;1139;11;0
346;1148;1;0
347;1150;5;344665
348;1151;7;5226990
349;1152;7;1147697
350;1152;9;0
351;1152;1;44962
352;1153;7;1883075
353;1154;7;89172
365;1166;1;470286
366;1167;5;91000
367;1167;1;29100
368;1168;5;161330
369;1168;1;110150
370;1169;5;58200
371;1169;1;360350
372;1170;5;126000
373;1170;1;271500
374;1199;9;4000
375;1199;5;8157
376;1200;9;5400
377;1200;5;5200
378;1201;9;55400
379;1201;5;240650
380;1214;12;0
381;1223;4;2000
382;1228;5;26432
383;1228;1;0
384;1228;4;0
385;1228;11;0
386;1234;4;0
387;1234;11;0
388;1246;1;0
389;1255;5;173489
390;1256;5;82900
391;1256;1;15500
392;1257;5;196652
393;1257;1;88610
394;1258;5;78833
395;1258;1;351400
396;1259;5;93333
397;1259;1;217900
398;1260;7;5278765
399;1261;7;717339
400;1261;9;0
401;1261;1;228351
402;1262;7;3060100
403;1263;7;257799
404;1290;9;0
405;1290;5;1651
406;1291;9;239200
407;1291;5;154150
408;1304;12;0
409;1316;4;0
410;1321;5;29600
411;1321;1;0
412;1321;4;0
413;1321;11;0
414;1327;4;0
415;1327;11;0
416;1328;1;0
417;1330;5;0
418;1330;1;0
419;1346;5;176597
420;1347;1;463765
421;1348;5;83900
422;1348;1;20900
423;1349;5;182350
424;1349;1;126720
425;1350;5;61600
426;1350;1;295870
427;1351;5;71200
428;1351;1;152540
429;1352;7;111008
430;1353;7;3375603
431;1354;7;981369
432;1354;9;0
433;1354;1;315193
434;1355;7;1866355
441;1385;9;162470
442;1385;5;135520
443;1386;9;13289
444;1386;5;8000
445;1387;9;0
446;1387;5;9900
447;1399;1;0
448;1416;12;0
449;1427;4;3001
450;1432;5;25001
451;1432;1;0
452;1432;4;0
453;1432;11;0
454;1438;4;0
455;1438;11;0
456;1440;5;580179
457;1441;5;0
458;1441;1;0
459;1442;5;196729
460;1442;1;132050
461;1443;5;60400
462;1443;1;31900
463;1444;5;91900
464;1444;1;373900
465;1445;5;56160
466;1445;1;400250
467;1446;7;2785494
468;1447;7;681343
469;1447;9;0
470;1447;1;179531
471;1448;7;1130448
472;1449;7;277237
473;1474;9;0
474;1474;5;602
475;1475;9;0
476;1475;5;4500
477;1476;9;160977
478;1476;5;191200
479;1478;9;0
480;1478;5;0
481;1486;12;0
482;1509;4;0
483;1514;5;21001
484;1514;1;0
485;1514;4;0
486;1514;11;0
487;1520;4;0
488;1520;11;0
489;1528;1;0
490;1531;1;172306
491;1532;5;92500
492;1532;1;27100
493;1533;5;205670
494;1533;1;156670
495;1534;5;104100
496;1534;1;492446
497;1535;5;128800
498;1535;1;383600
499;1536;5;307263
500;1691;12;0
501;1724;4;0
502;1729;5;14100
503;1729;1;0
504;1729;4;0
505;1729;11;0
506;1735;4;0
507;1735;11;0
508;1834;9;6100
509;1834;5;20900
510;1845;9;0
511;1845;5;0
512;1846;9;33700
513;1846;5;213260
514;1847;7;107572
515;1848;7;5080182
516;1849;7;894281
517;1849;9;3000
518;1849;1;364766
519;1850;7;2358012
520;1851;9;0
521;1851;5;0
522;1854;1;0
523;1874;5;241216
524;1875;1;51981
525;1876;5;65500
526;1876;1;11800
527;1877;5;247730
528;1877;1;98950
529;1878;5;152633
530;1878;1;576160
531;1879;5;114300
532;1879;1;348900
533;1880;7;18061
534;1881;7;5944157
535;1882;9;5000
536;1882;1;449968
537;1882;7;649952
538;1883;7;3172766
541;1941;5;49575
542;1941;9;48308
543;1942;5;2400
544;1943;5;62000
545;1943;9;149890
546;1973;4;83161
547;1978;5;21750
548;1978;1;0
549;1978;4;0
550;1978;11;0
551;1984;4;0
552;1984;11;0
553;1986;9;0
554;1986;5;0
555;1994;12;0
556;2001;1;0
557;2022;5;306286
563;2027;7;175707
564;2028;7;5156310
565;2029;1;322735
566;2029;7;1062883
567;2030;7;3174979
568;2031;5;46400
569;2031;1;8700
570;2032;5;204186
571;2032;1;72030
572;2033;5;195700
573;2033;1;592358
574;2034;5;156400
575;2034;1;421100
576;2133;5;36103
577;2133;9;16101
578;2145;5;5900
579;2145;9;4900
580;2146;5;61200
581;2146;9;168200
582;2147;12;0
583;2178;4;56392
584;2183;5;39680
585;2183;1;0
586;2183;4;0
587;2183;11;0
588;2189;4;0
589;2189;11;0
590;2190;1;0
591;2200;5;0
592;2200;1;0
593;2266;7;190708
594;2267;7;5763884
595;2268;9;5228
596;2268;1;338698
597;2268;7;1139879
598;2269;7;2834058
599;2270;1;71918
600;2271;5;79186
601;2271;1;9000
602;2272;5;223730
603;2272;1;53730
604;2273;5;177621
605;2273;1;665695
606;2274;5;107400
607;2274;1;506900
608;2275;5;347684
614;2529;12;0
615;2543;4;74254
616;2548;5;74652
617;2548;1;0
618;2548;4;0
619;2548;11;0
620;2554;4;0
621;2554;11;0
627;2598;5;20981
628;2598;9;38432
629;2599;5;3000
630;2600;5;32900
631;2600;9;243200
632;2627;1;0
633;2657;5;316331
634;2662;12;0
655;2739;4;3086
656;2744;5;55549
657;2744;1;0
658;2744;4;0
659;2744;11;0
660;2750;4;6012
661;2750;11;0
662;2760;1;0
684;2812;5;400322
694;2818;7;135382
695;2819;7;6096523
696;2820;1;310065
697;2820;7;1188903
698;2821;7;3125564
707;2858;12;0
708;2871;1;0
709;2879;4;13272
710;2884;5;0
711;2884;1;0
712;2884;4;0
713;2884;11;0
714;2890;4;13363
715;2890;11;0
716;2903;5;101210
717;2903;1;367163
718;2904;5;69000
719;2904;1;4000
720;2905;5;115730
721;2905;1;69800
722;2906;5;26730
723;2906;1;64500
724;2907;5;166000
725;2907;1;478500
726;2908;1;22480
727;2909;5;43600
728;2909;1;18700
729;2910;5;114550
730;2910;1;96360
731;2911;5;136380
732;2911;1;579950
733;2912;5;206200
734;2912;1;435350
735;2970;7;121420
736;2971;7;5395367
737;2972;1;171753
738;2972;7;1061411
739;2973;7;2393644
740;2988;5;6801
741;2988;9;27779
742;2999;9;2000
743;3000;5;43500
744;3000;9;112259
745;3018;5;65310
746;3018;9;27100
747;3029;5;19600
748;3029;9;6600
749;3030;5;14100
750;3030;9;10000
751;3031;9;0
752;3031;5;0
753;3032;5;390623
762;3037;7;107610
763;3038;7;5922251
764;3039;1;358315
765;3039;7;1024846
766;3040;7;3334545
767;3041;1;108005
768;3042;5;37900
769;3042;1;27700
770;3043;5;103120
771;3043;1;113780
772;3044;5;70070
773;3044;1;484879
774;3045;5;205343
775;3045;1;385500
776;3060;5;30279
777;3071;5;1000
778;3072;5;226040
779;3072;9;60200
780;3074;9;0
781;3074;5;0
782;3082;12;0
783;3102;4;1887
784;3109;5;0
785;3109;1;0
786;3109;4;0
787;3109;11;0
788;3115;4;0
789;3115;11;0
790;3118;1;0
791;3131;5;454629
800;3136;5;74930
801;3136;1;601144
802;3137;5;46200
803;3137;1;14900
804;3138;5;164650
805;3138;1;152080
806;3139;5;19000
807;3139;1;58400
808;3140;5;135300
809;3140;1;414300
810;3141;7;114700
811;3142;7;6052637
812;3143;1;319462
813;3143;7;1041324
814;3144;7;3328342
815;3145;5;12899
816;3145;9;24401
817;3146;5;8100
818;3146;9;7600
819;3147;5;274623
820;3147;9;22000
821;3181;12;0
822;3188;1;0
823;3193;4;6137
824;3198;5;16113
825;3198;1;0
826;3198;4;0
827;3198;11;0
828;3204;4;0
829;3204;11;0
830;3230;5;378277
831;3231;7;104000
832;3232;7;6223760
833;3233;1;336598
834;3233;7;981329
835;3234;7;3833536
836;3235;5;105930
837;3235;1;612230
838;3236;5;37700
839;3236;1;19900
840;3237;5;159960
841;3237;1;102060
842;3238;5;16500
843;3238;1;58800
844;3239;5;106818
845;3239;1;430671
846;3254;5;5400
847;3254;9;9703
848;3266;5;210815
849;3266;9;130279
850;3268;9;0
851;3268;5;0
852;3280;1;0
853;3287;4;14998
854;3292;5;0
855;3292;1;0
856;3292;4;0
857;3292;11;0
858;3298;4;0
859;3298;11;0
860;3307;12;0
861;3335;5;373868
862;3336;1;94208
863;3337;5;50500
864;3337;1;19600
865;3338;5;167430
866;3338;1;109050
867;3339;5;105854
868;3339;1;560835
869;3340;5;140874
870;3340;1;419564
871;3341;7;87000
872;3342;7;5582125
873;3343;1;301291
874;3343;7;995189
875;3344;7;3489738
880;3374;5;21002
881;3375;5;1600
882;3376;5;212300
883;3376;9;101250
884;3402;9;0
885;3402;5;0
886;3403;1;0
887;3406;12;0
888;3424;4;13534
889;3429;5;8014
890;3429;1;0
891;3429;4;0
892;3429;11;0
893;3435;4;2000
894;3435;11;0
895;3460;5;416196
896;3461;5;90000
897;3461;1;478459
898;3462;5;17800
899;3462;1;2000
900;3463;5;204170
901;3463;1;91900
902;3464;5;3700
903;3464;1;57900
904;3465;5;132062
905;3465;1;440400
906;3466;7;152273
907;3467;7;5319706
908;3468;1;270858
909;3468;7;931721
910;3469;7;3293435
911;3485;5;17400
912;3485;9;16000
913;3496;5;6500
914;3496;9;4500
915;3497;5;182400
916;3497;9;77600
917;3501;12;0
918;3518;4;0
919;3525;5;0
920;3525;1;0
921;3525;4;0
922;3525;11;0
923;3532;4;0
924;3532;11;0
925;3536;1;0
926;3556;5;557042
927;3557;1;71117
928;3558;5;51000
929;3558;1;26400
930;3559;5;183730
931;3559;1;110300
932;3560;5;131350
933;3560;1;640900
934;3561;5;146000
935;3561;1;540421
936;3562;7;128200
937;3563;7;4645927
938;3564;1;239888
939;3564;7;1125493
940;3565;7;2854382
941;3579;5;43515
942;3579;9;23901
943;3591;5;16320
944;3591;9;12500
945;3592;5;195400
946;3592;9;152720
947;3599;12;0
948;3617;4;0
949;3623;5;3001
950;3623;1;0
951;3623;4;0
952;3623;11;0
953;3629;4;0
954;3629;11;0
955;3632;1;0
956;3652;5;193532
957;3652;9;119400
958;3653;5;2400
959;3656;5;40253
960;3656;9;7600
961;3680;9;0
962;3680;5;0
963;3681;5;502356
964;3682;7;76000
965;3683;7;4176220
966;3684;1;282353
967;3684;7;935933
968;3685;7;2616261
969;3686;1;16001
970;3687;5;43400
971;3687;1;12900
972;3688;5;152910
973;3688;1;114010
974;3689;5;86324
975;3689;1;458006
976;3690;5;108000
977;3690;1;496250
978;3692;1;0
979;3701;12;0
980;3722;4;4041
981;3729;5;10029
982;3729;1;0
983;3729;4;0
984;3729;11;0
985;3735;4;0
986;3735;11;0
987;3748;5;675897
988;3749;5;143672
989;3749;1;832770
990;3750;1;12000
991;3751;5;76000
992;3751;1;26500
993;3752;5;228170
994;3752;1;92840
995;3753;5;63626
996;3753;1;332311
997;3754;7;5126442
998;3755;1;310234
999;3755;7;982948
1000;3756;7;3033260
1001;3757;7;123578
1002;3763;5;5500
1003;3765;5;27401
1004;3765;9;13970
1005;3779;5;190070
1006;3779;9;151000
1007;3785;9;0
1008;3785;5;0
1009;3787;12;0
1010;3809;4;8582
1011;3816;5;0
1012;3816;1;0
1013;3816;4;0
1014;3816;11;0
1015;3821;4;0
1016;3821;11;0
1017;3822;1;0
1034;3852;1;592478
1035;3852;5;88054
1036;3853;1;124760
1037;3853;5;184580
1038;3854;1;20800
1039;3854;5;91100
1040;3855;1;30520
1041;3856;1;866781
1042;3856;5;96950
1047;3860;7;214000
1048;3861;7;4918760
1049;3862;7;2809048
1050;3863;7;1030123
1051;3863;1;53351
1052;3864;5;734422
1054;3872;9;9000
1055;3873;9;43314
1056;3873;5;17300
1057;3877;9;128600
1058;3877;5;111650
1059;3892;9;0
1060;3892;5;0
1061;3896;1;0
1062;3903;4;3000
1063;3908;5;11068
1064;3908;1;0
1065;3908;4;0
1066;3908;11;0
1067;3914;4;2967
1068;3914;11;0
1069;3927;12;0
1070;3958;9;5600
1071;3958;5;5000
1072;3959;9;21175
1073;3959;5;34911
1074;3963;9;107700
1075;3963;5;98120
1076;3976;5;812224
1077;3977;1;663617
1078;3977;5;106730
1079;3978;1;123210
1080;3978;5;159280
1081;3979;1;6500
1082;3979;5;90500
1083;3980;1;28500
1084;3981;1;742245
1085;3981;5;142379
1088;3984;7;163500
1089;3985;7;5604587
1090;3986;7;2858834
1091;3987;1;54406
1092;3987;7;1003124
1093;3991;5;0
1094;3991;9;0
1095;4001;12;0
1096;4015;4;9076
1097;4022;1;0
1098;4022;4;0
1099;4022;5;3000
1100;4022;11;0
1101;4028;4;3000
1102;4028;11;0
1103;4036;1;0
1106;4059;9;7456
1107;4059;5;11876
1108;4063;9;81600
1109;4063;5;168082
1110;4077;5;773160
1113;4080;7;163500
1114;4081;7;5563345
1115;4082;7;2791941
1116;4083;1;44493
1117;4083;7;902140
1121;4085;1;551151
1122;4085;5;103832
1123;4086;1;98360
1124;4086;5;142810
1125;4087;1;20000
1126;4087;5;107500
1127;4089;1;812490
1128;4089;5;66472
1129;4092;5;0
1130;4092;9;0
1131;4094;1;0
1132;4105;4;21301
1133;4112;1;0
1134;4112;4;0
1135;4112;5;0
1136;4112;11;0
1137;4118;4;29206
1138;4118;11;0
1139;4133;12;0
1142;4166;9;11050
1143;4166;5;9950
1144;4167;9;11451
1145;4167;5;22201
1146;4171;9;114492
1147;4171;5;152738
1148;4187;5;0
1149;4187;9;0
1150;4189;5;676431
1154;4191;1;629554
1155;4191;5;59203
1156;4192;1;111480
1157;4192;5;151770
1158;4193;1;26200
1159;4193;5;54400
1160;4194;1;18400
1161;4195;1;915675
1162;4195;5;67181
1164;4197;7;146000
1165;4198;7;5363427
1166;4199;7;2628979
1167;4200;7;856587
1168;4200;1;5084
1169;4202;1;0
1170;4211;4;4001
1171;4218;1;0
1172;4218;4;0
1173;4218;5;9003
1174;4218;11;0
1175;4225;4;10904
1176;4225;11;0
1177;4241;12;0
1212;4305;1;0
1213;4306;1;692243
1214;4306;5;59605
1215;4307;1;125060
1216;4307;5;156420
1217;4308;1;22000
1218;4308;5;111620
1219;4309;1;56800
1220;4310;1;760591
1221;4310;5;45863
1226;4314;5;793865
1236;4321;7;180500
1237;4322;7;6154443
1238;4323;7;2762630
1239;4324;7;842117
1240;4324;1;40480
1243;4333;9;1000
1244;4333;5;2110
1245;4334;9;5801
1246;4334;5;17342
1247;4338;9;78000
1248;4338;5;140200
1249;4354;5;0
1250;4354;9;0
1251;4356;12;0
1252;4378;4;5819
1253;4385;1;0
1254;4385;4;0
1255;4385;5;0
1256;4385;11;0
1257;4391;4;0
1258;4391;11;0
1261;4423;9;3140
1262;4423;5;3000
1263;4424;5;7362
1264;4428;9;48960
1265;4428;5;142034
1266;4442;5;862208
1286;4452;1;591741
1287;4452;5;100448
1288;4453;1;104140
1289;4453;5;155340
1290;4454;1;29000
1291;4454;5;107100
1292;4455;1;41114
1293;4456;1;664574
1294;4456;5;71881
1295;4457;7;153000
1296;4458;7;6030214
1297;4459;7;2841806
1298;4460;7;725771
1299;4460;1;54671
1300;4463;5;0
1301;4463;9;0
1302;4465;1;0
1303;4476;4;0
1304;4483;1;0
1305;4483;4;0
1306;4483;5;14726
1307;4483;11;0
1308;4489;4;17944
1309;4489;11;0
1310;4497;12;0
1343;4572;9;6500
1344;4572;5;3500
1345;4573;9;3420
1346;4573;5;12790
1347;4577;9;132300
1348;4577;5;204440
1349;4592;5;1181243
1352;4594;7;110000
1353;4595;7;6267066
1354;4596;7;2815281
1355;4597;7;876791
1356;4597;1;30609
1357;4598;1;824705
1358;4598;5;48497
1359;4599;1;144360
1360;4599;5;161490
1361;4600;1;26000
1362;4600;5;83500
1363;4601;1;27400
1364;4602;1;618190
1365;4602;5;50700
1366;4605;5;0
1367;4605;9;0
1368;4608;1;0
1369;4616;12;0
1370;4630;4;0
1371;4637;1;0
1372;4637;4;0
1373;4637;5;0
1374;4637;11;0
1375;4643;4;22380
1376;4643;11;0
1379;4673;9;4000
1380;4673;5;5000
1381;4674;9;7901
1382;4674;5;2500
1383;4678;9;58340
1384;4678;5;166805
1385;4693;5;1040780
1387;4695;7;156300
1388;4696;7;5233872
1389;4697;7;2246138
1390;4698;1;43095
1391;4698;7;1006467
1392;4699;1;688973
1393;4699;5;78815
1394;4700;1;198580
1395;4700;5;159480
1396;4701;1;34100
1397;4701;5;72600
1398;4702;1;40000
1399;4703;1;724200
1400;4703;5;12800
1401;4706;5;0
1402;4706;9;0
1403;4709;1;0
1404;4731;4;3552
1405;4738;1;0
1406;4738;4;0
1407;4738;5;17968
1408;4738;11;0
1409;4744;4;10490
1410;4744;11;0
1416;4766;1;564643
1417;4766;5;126564
1418;4767;1;97556
1419;4767;5;128490
1420;4768;1;7100
1421;4768;5;57500
1422;4769;1;85114
1423;4770;1;775400
1424;4770;5;4800
1425;4771;7;149000
1426;4772;7;4945304
1427;4773;7;2201521
1428;4774;7;895478
1429;4775;5;860399
1430;4782;9;2500
1431;4782;5;5500
1432;4783;9;2499
1433;4783;5;16401
1434;4787;9;11500
1435;4787;5;140400
1436;4803;5;0
1437;4803;9;0
1438;4806;1;0
1439;4817;4;3029
1440;4823;1;0
1441;4823;4;0
1442;4823;5;27119
1443;4823;11;0
1444;4829;4;28069
1445;4829;11;0
1465;4909;9;3300
1466;4913;9;66300
1467;4913;5;162400
1468;4926;5;801425
1469;4927;7;125300
1470;4928;7;4195415
1471;4929;7;1416368
1472;4930;7;1052506
1473;4931;1;757983
1474;4931;5;13827
1475;4932;1;152540
1476;4932;5;173900
1477;4933;1;9500
1478;4933;5;98600
1479;4934;1;37500
1480;4935;1;917500
1481;4935;5;3500
1482;4958;4;507
1483;4965;1;0
1484;4965;4;0
1485;4965;5;15932
1486;4965;11;0
1487;4970;4;10460
1488;4970;11;0
1489;4975;5;0
1490;4975;9;0
1491;4983;1;0
1492;5004;7;101500
1493;5005;7;5051841
1494;5006;7;2211775
1495;5007;1;58175
1496;5007;7;801387
1497;5008;1;575769
1498;5008;5;45281
1499;5009;1;95150
1500;5009;5;178860
1501;5010;1;33000
1502;5010;5;91500
1503;5011;1;2000
1504;5012;1;705350
1505;5013;5;1132993
1510;5035;5;2500
1511;5036;5;11100
1512;5040;9;63800
1513;5056;5;0
1514;5056;9;0
1515;5063;4;6810
1516;5075;1;0
1517;5076;1;0
1518;5076;4;0
1519;5076;5;21114
1520;5076;11;0
1521;5082;4;12010
1522;5082;11;0
1540;5173;5;1348317
1544;5175;1;671463
1545;5175;5;64126
1546;5176;1;123370
1547;5176;5;164690
1548;5177;1;43100
1549;5177;5;104500
1550;5178;1;87500
1551;5179;1;988600
1552;5179;5;15440
1553;5180;7;98000
1554;5181;7;6565021
1555;5182;7;2729912
1556;5183;1;94511
1557;5183;7;841392
1558;5193;9;2100
1559;5193;5;700
1560;5194;9;2000
1561;5198;9;72050
1562;5198;5;83577
1563;5214;1;0
1564;5253;4;62214
1565;5258;1;0
1566;5258;4;0
1567;5258;5;13022
1568;5258;11;0
1569;5264;4;10157
1570;5264;11;0
1571;5274;1;0
1572;5315;4;232519
1573;5320;1;0
1574;5320;4;0
1575;5320;5;31507
1576;5320;11;0
1577;5326;4;6358
1578;5326;11;0
1601;5342;1;694353
1602;5342;5;90750
1603;5343;1;78620
1604;5343;5;139050
1605;5344;1;42000
1606;5344;5;97000
1607;5345;1;41465
1608;5346;1;932500
1609;5346;5;16150
1610;5353;5;5200
1611;5354;5;8301
1612;5358;9;105420
1613;5358;5;77300
1614;5364;9;1500
1615;5364;5;5000
1616;5373;7;129500
1617;5374;7;5924308
1618;5375;7;2416487
1619;5376;1;37148
1620;5376;7;1184969
1621;5377;5;1362022
1622;5387;9;1500
1623;5387;5;3500
1624;5388;9;6000
1625;5388;5;3200
1626;5392;9;79554
1627;5392;5;36960
1628;5407;7;145500
1629;5408;7;6047189
1630;5409;7;2382128
1631;5410;1;213250
1632;5410;7;987902
1633;5411;5;1094682
1634;5412;1;679754
1635;5412;5;105663
1636;5413;1;73860
1637;5413;5;140440
1638;5414;1;46914
1639;5414;5;71676
1640;5415;1;11950
1641;5416;1;887350
1642;5416;5;13000
1643;5421;1;0
1644;5444;4;12047
1645;5451;1;0
1646;5451;4;0
1647;5451;5;34241
1648;5451;11;0
1649;5457;4;3047
1650;5457;11;0
1651;5483;9;1500
1652;5483;5;3500
1653;5484;9;6000
1654;5484;5;3200
1655;5488;9;79554
1656;5488;5;36960
1657;5503;7;144700
1658;5504;7;5741236
1659;5505;7;2515775
1660;5506;1;74651
1661;5506;7;774146
1665;5510;5;1199707
1681;5517;1;720170
1682;5517;5;15129
1683;5518;1;90780
1684;5518;5;137070
1685;5519;1;49625
1686;5519;5;132414
1687;5520;1;77100
1688;5520;5;1
1689;5521;1;777900
1690;5521;5;6000
1691;5534;4;10162
1692;5541;1;0
1693;5541;4;0
1694;5541;5;11001
1695;5541;11;0
1696;5547;4;0
1697;5547;11;0
1698;5582;1;0
1704;5607;5;19313
1705;5611;9;97001
1706;5611;5;69340
1707;5617;9;530
1708;5617;5;40445
1709;5626;7;100300
1710;5627;7;6231208
1711;5628;7;2505811
1712;5629;1;123896
1713;5629;7;1008131
1714;5630;5;1301913
1715;5631;1;680160
1716;5631;5;39334
1717;5632;1;99980
1718;5632;5;147720
1719;5633;1;64259
1720;5633;5;154746
1721;5634;1;42000
1722;5635;1;891000
1723;5635;5;1000
1724;5647;4;88310
1725;5654;1;0
1726;5654;4;0
1727;5654;5;0
1728;5654;11;0
1729;5660;4;2970
1730;5660;11;0
1731;5662;1;0
1732;5664;12;0
1741;5782;5;11269
1742;5786;5;156224
1743;5792;5;67974
1744;5800;7;112000
1745;5801;7;6660965
1746;5802;7;2659637
1747;5803;1;96694
1748;5803;7;935903
1749;5804;5;1277528
1750;5805;1;632044
1751;5805;5;91361
1752;5806;1;92690
1753;5806;5;159540
1754;5807;1;37000
1755;5807;5;132000
1756;5808;1;31000
1757;5809;1;859242
1758;5809;5;17500
1759;5815;1;0
1760;5825;4;26608
1761;5830;1;0
1762;5830;4;0
1763;5830;5;0
1764;5830;11;0
1765;5836;4;0
1766;5836;11;0
1767;5839;12;0
1776;5898;9;2000
1777;5898;5;2000
1778;5899;9;7500
1779;5899;5;15800
1780;5903;9;117535
1781;5903;5;155946
1782;5909;5;32157
1783;5917;7;134700
1784;5918;7;6353132
1785;5919;7;2873380
1786;5920;1;139574
1787;5920;7;774950
1788;5921;5;1263292
1789;5922;1;695738
1790;5922;5;75505
1791;5923;1;77150
1792;5923;5;137240
1793;5924;1;53300
1794;5924;5;200133
1795;5925;1;56500
1796;5926;1;896500
1797;5926;5;3000
1798;5934;1;0
1799;5943;4;0
1800;5950;1;0
1801;5950;4;0
1802;5950;5;10031
1803;5950;11;0
1804;5956;4;5000
1805;5956;11;0
1806;5958;12;0
1814;6048;9;5300
1815;6048;5;5000
1816;6049;9;12875
1817;6049;5;11200
1818;6053;9;193600
1819;6053;5;142994
1820;6066;7;124600
1821;6067;7;6690073
1822;6068;7;3045610
1823;6069;1;97685
1824;6069;7;792905
1825;6070;5;1332474
1826;6071;1;555845
1827;6071;5;36178
1828;6072;1;83290
1829;6072;5;94540
1830;6073;1;37439
1831;6073;5;159166
1832;6074;1;28000
1833;6075;1;864600
1834;6075;5;6500
1835;6080;5;0
1836;6080;9;0
1837;6083;1;0
1838;6091;4;58917
1839;6098;1;0
1840;6098;4;0
1841;6098;5;18122
1842;6098;11;0
1843;6103;4;0
1844;6103;11;0
1845;6107;12;0
1848;6146;5;4500
1849;6147;9;26084
1850;6147;5;51334
1851;6151;9;143555
1852;6151;5;167300
1853;6157;9;2000
1854;6157;5;19053
1855;6165;7;82500
1856;6166;7;6017522
1857;6167;7;2633850
1858;6168;1;123571
1859;6168;7;830976
1860;6169;5;1260172
1861;6170;1;551996
1862;6170;5;59905
1863;6171;1;86250
1864;6171;5;119960
1865;6172;1;35617
1866;6172;5;148323
1867;6173;1;21900
1868;6174;1;801600
1869;6174;5;8500
1870;6182;1;0
1878;6232;12;0
1880;6244;9;1400
1881;6244;5;4400
1882;6245;9;19958
1883;6249;9;111374
1884;6249;5;163554
1885;6255;9;4484
1886;6255;5;19227
1888;6264;7;74001
1889;6265;7;5313788
1890;6266;7;2930923
1891;6267;1;39416
1892;6267;7;728826
1893;6268;5;1165989
1894;6269;1;546657
1895;6269;5;28994
1896;6270;1;72910
1897;6270;5;83480
1898;6271;1;39876
1899;6271;5;165153
1900;6272;1;6000
1901;6273;1;853000
1902;6281;12;0
1903;6300;1;0
1904;6320;4;78701
1905;6331;4;3000
1906;6342;9;3000
1907;6343;9;13201
1908;6343;5;22264
1909;6347;9;48206
1910;6347;5;101272
1911;6353;9;1500
1912;6353;5;28812
1913;6359;7;65500
1914;6360;7;4003112
1915;6361;7;1720562
1916;6362;1;19842
1917;6362;7;565441
1918;6363;5;880044
1919;6364;1;535686
1920;6364;5;47791
1921;6365;1;61850
1922;6365;5;81550
1923;6366;1;36350
1924;6366;5;95990
1925;6367;1;22500
1926;6368;1;885450
1927;6384;12;0
1928;6403;1;0
1929;6411;4;16554
1930;6419;1;0
1931;6419;4;0
1932;6419;5;79637
1933;6419;11;0
1934;6425;4;3031
1935;6425;11;0
1936;6439;9;2500
1937;6439;5;4000
1938;6440;9;9587
1939;6440;5;13020
1940;6444;9;5200
1941;6444;5;17400
1942;6450;5;21001
1944;6457;7;89000
1945;6458;7;4885127
1946;6459;7;2503943
1947;6460;1;33743
1948;6460;7;487819
1949;6461;5;1055841
1950;6462;1;437263
1951;6462;5;43057
1952;6463;1;62300
1953;6463;5;59428
1954;6464;1;16000
1955;6464;5;72200
1956;6465;1;68500
1957;6466;1;809300
1958;6466;5;13500
1959;6475;12;0
1960;6482;1;0
1961;6504;4;12720
1962;6512;1;0
1963;6512;4;0
1964;6512;5;30015
1965;6512;11;0
1966;6517;4;5782
1967;6517;11;0
1968;6535;12;0
1969;6549;4;30570
1970;6556;1;0
1971;6556;4;0
1972;6556;5;17000
1973;6556;11;0
1974;6562;4;0
1975;6562;11;0
1983;6595;1;0
2007;6662;1;559583
2008;6662;5;54074
2009;6663;1;53470
2010;6663;5;65680
2011;6664;1;36200
2012;6664;5;85296
2013;6665;1;6000
2014;6666;1;831200
2015;6666;5;11400
2016;6667;5;1447153
2017;6668;7;85500
2018;6669;7;5610092
2019;6670;7;2610359
2020;6671;1;22498
2021;6671;7;681160
2029;6692;5;3300
2030;6693;9;10108
2031;6693;5;35102
2032;6696;9;124358
2033;6696;5;142410
2034;6701;9;2501
2035;6701;5;32996
2039;6725;9;4500
2040;6725;5;14800
2041;6726;9;18200
2042;6726;5;27773
2043;6729;9;76570
2044;6729;5;99600
2045;6734;9;12803
2046;6734;5;57732
2047;6751;7;64500
2048;6752;7;6202483
2049;6753;7;2536936
2050;6754;1;8744
2051;6754;7;564192
2052;6755;5;1529324
2053;6756;1;526176
2054;6756;5;54846
2055;6757;1;53125
2056;6757;5;76394
2057;6758;1;45117
2058;6758;5;83950
2059;6759;1;30500
2060;6760;1;930700
2061;6760;5;24600
2062;6762;1;0
2063;6763;12;0
2064;6774;4;33697
2065;6779;1;0
2066;6779;4;0
2067;6779;5;9000
2068;6779;11;0
2069;6785;4;0
2070;6785;11;0
2071;6823;9;1800
2072;6823;5;8100
2073;6824;9;25200
2074;6824;5;77336
2075;6828;9;79800
2076;6828;5;141355
2077;6834;9;2700
2078;6834;5;43430
2079;6839;7;93500
2080;6840;7;6129362
2081;6841;7;2632328
2082;6842;7;572612
2083;6843;5;1548873
2084;6844;1;391510
2085;6844;5;53654
2086;6845;1;38830
2087;6845;5;50440
2088;6846;1;27500
2089;6846;5;109700
2090;6847;1;15000
2091;6848;1;991450
2092;6848;5;38500
2093;6866;12;0
2094;6872;1;0
2095;6881;4;48112
2096;6888;1;0
2097;6888;4;0
2098;6888;5;23000
2099;6888;11;0
2100;6894;4;0
2101;6894;11;0
2103;6924;9;3500
2104;6924;5;3500
2105;6925;9;25102
2106;6925;5;43742
2107;6928;9;45100
2108;6928;5;88900
2109;6933;9;5501
2110;6933;5;50017
2111;6939;7;5020252
2112;6940;7;2538398
2113;6941;1;12162
2114;6941;7;512097
2115;6942;5;1382539
2116;6943;1;408131
2117;6943;5;38756
2118;6944;1;14000
2119;6944;5;29400
2120;6945;1;17810
2121;6945;5;98115
2122;6946;1;15500
2123;6947;1;917780
2124;6947;5;17500
2125;6968;1;0
2126;6969;12;0
2127;6996;4;0
2128;7003;1;0
2129;7003;4;0
2130;7003;5;30033
2131;7003;11;0
2132;7009;4;3560
2133;7009;11;0
2134;7023;9;5900
2135;7023;5;4650
2136;7024;9;26780
2137;7024;5;45307
2138;7027;9;54400
2139;7027;5;90304
2140;7032;9;8111
2141;7032;5;46090
2142;7037;7;69500
2143;7038;7;5427731
2144;7039;7;2612122
2145;7040;1;12627
2146;7040;7;515362
2147;7041;5;1571610
2148;7042;1;343664
2149;7042;5;12795
2150;7043;1;8500
2151;7043;5;11000
2152;7044;1;12520
2153;7044;5;105780
2154;7045;1;766266
2155;7045;5;20450
2156;7046;1;0
2157;7046;5;0
2158;7059;1;0
2159;7088;12;0
2160;7102;4;17652
2161;7109;1;0
2162;7109;4;0
2163;7109;5;17000
2164;7109;11;0
2165;7115;4;0
2166;7115;11;0
2168;7121;9;9200
2169;7121;5;8100
2170;7122;9;33371
2171;7122;5;62234
2172;7125;9;49750
2173;7125;5;83350
2174;7130;9;3803
2175;7130;5;83257
2177;7136;7;87000
2178;7137;7;5502635
2179;7138;7;3163578
2180;7139;7;572376
2181;7140;5;1894859
2182;7141;1;287148
2183;7141;5;10476
2184;7142;1;3500
2185;7142;5;18500
2186;7143;1;21000
2187;7143;5;131550
2188;7144;1;26200
2189;7145;1;1001625
2190;7145;5;6000
2191;7159;1;0
2192;7167;12;0
2193;7201;4;43353
2194;7208;1;0
2195;7208;4;0
2196;7208;5;22000
2197;7208;11;0
2198;7214;4;0
2199;7214;11;0
2200;7224;12;0
2201;7231;1;0
2208;7234;1;226068
2209;7234;5;8565
2210;7235;1;4501
2211;7235;5;15001
2212;7236;1;27174
2213;7236;5;137800
2214;7237;1;42730
2215;7238;1;902480
2216;7238;5;6300
2235;7273;9;7800
2236;7273;5;3500
2237;7274;9;27913
2238;7274;5;51600
2239;7277;9;39200
2240;7277;5;153372
2241;7282;5;73599
2242;7287;7;77000
2243;7288;7;5235802
2244;7289;7;2703944
2245;7290;1;8352
2246;7290;7;542060
2252;7296;5;1731132
2253;7330;4;27929
2254;7337;1;0
2255;7337;4;0
2256;7337;5;22002
2257;7337;11;0
2258;7343;4;0
2259;7343;11;0
2316;7425;9;1230
2317;7426;9;25499
2318;7426;5;44492
2319;7429;9;48900
2320;7429;5;133470
2321;7433;5;55276
2322;7438;1;244381
2323;7438;5;2805
2324;7439;1;6700
2325;7439;5;7000
2326;7440;1;23800
2327;7440;5;116780
2328;7441;1;20500
2329;7441;5;1
2330;7442;1;821930
2331;7442;5;4000
2332;7443;7;103000
2333;7444;7;5782684
2334;7445;7;3066263
2335;7446;7;525966
2336;7447;5;1749173
2337;7468;1;0
2338;7489;12;0
2339;7503;4;7000
2340;7509;1;0
2341;7509;4;0
2342;7509;5;3000
2343;7509;11;0
2344;7515;4;0
2345;7515;11;0
2346;7534;4;0
2347;7541;1;0
2348;7541;4;0
2349;7541;5;39581
2350;7541;11;0
2351;7547;4;0
2352;7547;11;0
2362;7552;1;249237
2363;7552;5;2520
2364;7553;1;5500
2365;7553;5;6000
2366;7554;1;21900
2367;7554;5;85089
2368;7555;1;29500
2369;7556;1;817800
2370;7556;5;8200
2379;7577;9;1300
2380;7577;5;5700
2381;7578;9;20037
2382;7578;5;25951
2383;7581;9;74934
2384;7581;5;68379
2385;7585;5;57622
2386;7590;7;50220
2387;7591;7;5521093
2388;7592;7;3134628
2389;7593;1;4000
2390;7593;7;660910
2391;7594;5;1764435
2392;7608;1;0
2393;7629;12;0
2394;7652;4;0
2395;7659;1;0
2396;7659;4;0
2397;7659;5;12054
2398;7659;11;0
2399;7665;4;0
2400;7665;11;0
2411;7689;1;312873
2412;7689;5;16282
2413;7690;5;2500
2414;7691;1;28800
2415;7691;5;66500
2416;7692;1;10000
2417;7693;1;912300
2418;7693;5;15300
2419;7694;7;100010
2420;7695;7;5044134
2421;7696;7;2514334
2422;7697;1;15114
2423;7697;7;689725
2424;7698;5;1563745
2425;7703;9;5800
2426;7703;5;1600
2427;7704;9;39678
2428;7704;5;67416
2429;7707;9;53497
2430;7707;5;116243
2431;7711;5;22768
2432;7717;1;0
2433;7751;12;0
2449;7766;1;158791
2450;7766;5;2114
2451;7767;1;23400
2452;7767;5;88850
2453;7769;1;515340
2454;7769;5;13510
2456;7774;9;2300
2457;7774;5;1800
2458;7775;9;20751
2459;7775;5;38730
2460;7778;9;26550
2461;7778;5;13000
2462;7782;5;5212
2463;7788;7;20000
2464;7789;7;4480003
2465;7790;7;1978079
2466;7791;1;10342
2467;7791;7;689063
2468;7792;5;1575986
2469;7793;1;0
2470;7793;5;0
2471;7814;4;0
2472;7821;1;0
2473;7821;4;0
2474;7821;5;22028
2475;7821;11;0
2476;7827;4;0
2477;7827;11;0
2478;7829;1;0
2479;7858;12;0
2480;7880;1;0
2481;7895;12;0
2482;7905;4;0
2483;7909;1;0
2484;7909;4;0
2485;7909;5;14553
2486;7909;11;0
2487;7914;4;0
2488;7914;11;0
2490;7921;7;59500
2491;7922;7;4742463
2492;7923;7;2191630
2493;7924;1;1332
2494;7924;7;538299
2498;7926;1;217676
2499;7926;5;29665
2500;7927;1;1100
2501;7927;5;8500
2502;7928;1;17000
2503;7928;5;79600
2504;7929;1;644150
2505;7929;5;15800
2506;7934;9;2100
2507;7934;5;4300
2508;7935;9;32251
2509;7935;5;82624
2510;7938;9;3100
2511;7942;5;37653
2512;7947;5;1323283
2513;7948;1;0
2514;7948;5;0
2518;7980;1;245375
2519;7980;5;28960
2520;7981;1;3000
2521;7981;5;9100
2522;7982;1;22500
2523;7982;5;84000
2524;7983;1;7000
2525;7984;1;805770
2526;7984;5;14450
2527;7989;9;8800
2528;7989;5;7770
2529;7990;9;30107
2530;7990;5;89741
2531;8003;7;84000
2532;8004;7;5500622
2533;8005;7;2753475
2534;8006;1;17939
2535;8006;7;654331
2536;8007;5;1478299
2537;8019;1;0
2538;8043;4;0
2539;8050;1;0
2540;8050;4;0
2541;8050;5;0
2542;8050;11;0
2543;8056;4;0
2544;8056;11;0
2545;8064;12;0
2554;8075;1;225679
2555;8075;5;26409
2556;8076;1;10000
2557;8076;5;34800
2558;8077;1;40000
2559;8077;5;74300
2560;8078;1;7000
2561;8079;1;791510
2562;8079;5;13100
2565;8085;9;8400
2566;8085;5;12901
2567;8086;9;46839
2568;8086;5;96013
2569;8092;5;29229
2572;8099;7;107500
2573;8100;7;5570297
2574;8101;7;2787394
2575;8102;1;4123
2576;8102;7;692785
2577;8103;5;1525258
2578;8116;5;0
2579;8116;9;0
2580;8119;1;0
2581;8129;4;0
2582;8136;1;0
2583;8136;4;0
2584;8136;5;0
2585;8136;11;0
2586;8142;4;0
2587;8142;11;0
2588;8163;12;0
2589;8178;1;0
2590;8194;4;40590
2591;8201;1;0
2592;8201;4;0
2593;8201;5;3002
2594;8201;11;0
2595;8207;4;0
2596;8207;11;0
2600;8209;1;274949
2601;8209;5;12274
2602;8210;1;7500
2603;8210;5;7700
2604;8211;1;55400
2605;8211;5;116850
2606;8212;1;13500
2607;8213;1;854080
2608;8213;5;17100
2609;8217;9;2000
2610;8217;5;4000
2611;8218;9;26540
2612;8218;5;122115
2613;8221;9;43822
2614;8221;5;6500
2615;8225;5;66916
2617;8231;7;118500
2618;8232;7;5001827
2619;8233;7;2739275
2620;8234;7;708676
2622;8236;5;1324344
2623;8251;12;0
2624;8295;4;33030
2625;8302;5;0
2626;8302;1;0
2627;8302;4;0
2628;8302;11;0
2629;8309;4;0
2630;8309;11;0
2631;8320;12;0
2632;8327;1;244339
2633;8327;5;1909
2634;8328;5;6700
2635;8329;1;42700
2636;8329;5;129850
2637;8330;1;41790
2638;8330;5;0
2639;8331;1;742726
2640;8331;5;9500
2641;8335;9;1500
2642;8335;5;6900
2643;8336;9;77171
2644;8336;5;82961
2645;8339;9;62600
2646;8343;5;52111
2647;8348;7;95500
2648;8349;7;4076098
2649;8350;7;1366611
2650;8351;1;22073
2651;8351;7;735163
2652;8352;5;1142401
2653;8395;4;170157
2654;8402;5;0
2655;8402;1;0
2656;8402;4;0
2657;8402;11;0
2658;8409;4;0
2659;8409;11;0
2660;8434;12;0
2661;8440;1;126297
2662;8440;5;4097
2663;8441;1;4000
2664;8441;5;14000
2665;8442;1;32000
2666;8442;5;142500
2667;8443;1;396234
2668;8444;1;704270
2669;8444;5;2300
2670;8448;5;901
2671;8449;9;35701
2672;8449;5;75252
2673;8452;9;76069
2674;8452;5;81017
2675;8456;5;34940
2676;8461;7;93000
2677;8462;7;4435519
2678;8463;7;2510752
2679;8464;7;709703
2680;8465;5;1542754
2681;8487;4;580310
2682;8494;5;0
2683;8494;1;0
2684;8494;4;0
2685;8494;11;0
2686;8501;4;0
2687;8501;11;0
2688;8523;1;12400
2689;8523;5;15656
2690;8524;1;1000
2691;8525;1;35456
2692;8525;5;119645
2693;8526;1;408800
2694;8527;1;716140
2695;8527;5;4800
2696;8531;9;3000
2697;8532;9;38544
2698;8532;5;66031
2699;8535;9;86774
2700;8535;5;145409
2701;8539;5;18401
2702;8544;7;99000
2703;8546;7;2687789
2704;8547;7;560519
2705;8548;5;1460336
2706;8569;12;0
2707;8593;4;84100
2708;8600;5;0
2709;8600;1;0
2710;8600;4;0
2711;8600;11;0
2712;8607;4;0
2713;8607;11;0
2714;8608;1;6500
2715;8608;5;14200
2716;8609;1;28616
2717;8609;5;65711
2718;8610;1;1085443
2719;8611;1;23000
2720;8615;9;3200
2721;8615;5;5200
2722;8616;9;21309
2723;8616;5;50950
2724;8619;9;86600
2725;8619;5;114696
2726;8628;7;131200
2727;8629;7;4439419
2728;8631;1;20000
2729;8631;7;709164
2730;8632;5;1474653
2731;8642;12;0
2732;8656;1;0
2733;8657;5;0
2734;8657;1;0
2735;8692;4;0
2736;8699;5;0
2737;8699;1;0
2738;8699;4;0
2739;8699;11;0
2740;8706;4;0
2741;8706;11;0
2742;8738;12;0
2743;8744;5;8000
2744;8745;1;30650
2745;8745;5;64900
2746;8746;1;1044033
2747;8747;5;10000
2748;8751;9;1700
2749;8751;5;8500
2750;8752;9;17201
2751;8752;5;19602
2752;8755;9;60100
2753;8755;5;173650
2754;8765;7;110100
2755;8766;7;2860582
2756;8767;7;863729
2757;8768;1;14259
2758;8768;7;786960
2759;8769;5;904820
2760;8770;5;0
2761;8770;1;0
2762;8804;4;49662
2763;8811;5;0
2764;8811;1;0
2765;8811;4;0
2766;8811;11;0
2767;8818;4;0
2768;8818;11;0
2774;8833;7;120030
2775;8834;7;0
2776;8835;7;0
2777;8836;7;0
2778;8837;5;760792
2791;8869;5;4500
2792;8870;1;26214
2793;8870;5;74226
2794;8871;1;1056690
2795;8872;1;12300
2796;8877;9;2500
2797;8877;5;1500
2798;8878;9;3850
2799;8878;5;12145
2800;8880;9;77700
2801;8880;5;106382
2802;8911;12;0
2803;8931;5;16500
2804;8932;1;25466
2805;8932;5;66968
2806;8933;1;766621
2807;8937;9;4000
2808;8938;9;13000
2809;8938;5;4500
2810;8941;9;29400
2811;8941;5;89000
2812;8963;5;0
2813;8963;1;0
2814;8964;5;0
2815;8964;1;0
2816;8965;7;79067
2817;8966;7;2134652
2818;8967;7;906987
2819;8968;1;39042
2820;8968;7;466312
2822;8986;4;11167
2823;8993;5;0
2824;8993;1;0
2825;8993;4;0
2826;8993;11;0
2827;9000;4;0
2828;9000;11;0
2829;9008;12;0
2830;9015;5;901272
2831;9031;1;3500
2832;9031;5;10700
2833;9032;1;9904
2834;9032;5;79459
2835;9033;1;601086
2836;9034;5;0
2837;9034;1;0
2838;9035;5;0
2839;9035;1;0
2840;9039;9;2900
2841;9039;5;10600
2842;9040;9;20650
2843;9040;5;4624
2844;9042;5;127057
2845;9065;7;106299
2846;9066;7;1912964
2847;9067;7;1024071
2848;9068;9;1503
2849;9068;1;25106
2850;9068;7;447469
2851;9069;5;1245808
2852;9085;4;0
2853;9090;5;0
2854;9090;1;0
2855;9090;4;0
2856;9090;11;0
2857;9097;4;0
2858;9097;11;0
2859;9109;12;0
2860;9130;1;5000
2861;9131;1;18923
2862;9131;5;92726
2863;9132;1;404291
2864;9133;5;0
2865;9133;1;0
2866;9134;5;0
2867;9134;1;0
2868;9138;5;6000
2869;9139;9;13731
2870;9139;5;22186
2871;9142;9;15400
2872;9142;5;59900
2873;9164;7;82883
2874;9165;7;3480614
2875;9166;7;2355978
2876;9167;1;25509
2877;9167;7;663469
2878;9168;5;1546524
2879;9182;4;0
2880;9187;5;0
2881;9187;1;0
2882;9187;4;0
2883;9187;11;0
2884;9193;4;0
2885;9193;11;0
2886;9219;12;0
2887;9236;1;1000
2888;9236;5;15000
2889;9237;1;19009
2890;9237;5;120567
2891;9238;1;1031598
2892;9239;5;0
2893;9239;1;0
2894;9240;5;0
2895;9240;1;0
2896;9244;5;8084
2897;9245;5;10433
2898;9248;9;8800
2899;9248;5;21070
2900;9270;7;106031
2901;9271;7;4304921
2902;9272;7;2654840
2903;9273;9;8302
2904;9273;1;74798
2905;9273;7;706469
2906;9274;5;1722180
2907;9287;5;0
2908;9287;1;0
2909;9287;4;0
2910;9287;11;0
2911;9293;4;0
2912;9293;11;0
2913;9301;12;0
2914;9335;1;10200
2915;9335;5;13000
2916;9336;1;25878
2917;9336;5;110785
2918;9337;1;1082294
2919;9338;5;0
2920;9338;1;0
2921;9339;5;0
2922;9339;1;0
2923;9343;9;9520
2924;9343;5;10960
2925;9344;9;18488
2926;9344;5;21053
2927;9347;9;2600
2928;9347;5;38660
2929;9369;7;118295
2930;9370;7;3873687
2931;9371;7;2666073
2932;9372;1;12605
2933;9372;7;664797
2934;9373;5;1495788
2935;9386;4;0
2936;9386;11;0
2937;9386;5;0
2938;9386;1;0
2939;9392;4;0
2940;9392;11;0
2941;9400;12;0
2942;9430;5;0
2943;9430;1;0
2944;9431;5;0
2945;9431;1;0
2946;9456;9;0
2947;9456;5;0
2948;9474;4;0
2949;9481;4;0
2950;9481;11;0
2951;9481;5;0
2952;9481;1;0
2953;9488;4;0
2954;9488;11;0
2955;9507;12;0
2956;9548;1;2000
2957;9548;5;13000
2958;9549;1;2955
2959;9549;5;133849
2960;9550;1;965078
2961;9551;5;0
2962;9551;1;0
2963;9552;5;0
2964;9552;1;0
2965;9553;7;96746
2966;9554;7;4273717
2967;9555;7;2309905
2968;9556;9;6308
2969;9556;1;162486
2970;9556;7;758332
2971;9557;5;1485174
2972;9586;9;0
2973;9586;5;0
2974;9596;4;0
2975;9603;4;0
2976;9603;11;0
2977;9603;5;0
2978;9603;1;0
2979;9610;4;0
2980;9610;11;0
2981;9622;12;0
2982;9628;1;6000
2983;9628;5;12100
2984;9629;1;14644
2985;9629;5;144770
2986;9630;1;1016474
2987;9631;5;0
2988;9631;1;0
2989;9632;5;0
2990;9632;1;0
2991;9636;9;17841
2992;9636;5;7101
2993;9639;9;15830
2994;9639;5;60732
2995;9658;9;0
2996;9658;5;0
2997;9662;7;159058
2998;9663;7;4405600
2999;9664;7;2595456
3000;9665;1;121534
3001;9665;7;793834
3002;9666;5;1652595
3003;9690;4;0
3004;9690;11;0
3005;9690;5;0
3006;9690;1;0
3007;9697;4;0
3008;9697;11;0
3009;9709;12;0
3032;9791;4;0
3033;9798;4;0
3034;9798;11;0
3035;9798;5;0
3036;9798;1;0
3037;9805;4;0
3038;9805;11;0
3039;9806;1;9001
3040;9807;1;29405
3041;9808;1;1110487
3042;9809;5;0
3043;9809;1;0
3044;9810;5;0
3045;9810;1;0
3046;9814;9;12215
3047;9817;9;25200
3048;9839;9;0
3049;9839;5;0
3050;9843;9;1400
3051;9844;5;1970584
3052;9847;12;0
3053;9875;1;1465
3054;9876;1;1050828
3055;9880;9;5128
3056;9883;9;16700
3057;9893;7;203177
3058;9894;7;4703249
3059;9895;7;2447462
3060;9896;7;742055
3061;9897;5;2067829
3062;9898;5;0
3063;9898;1;0
3064;9899;5;0
3065;9899;1;0
3066;9911;9;0
3067;9911;5;0
3068;9926;4;0
3069;9938;4;0
3070;9938;11;0
3071;9942;4;0
3072;9942;11;0
3073;9942;5;0
3074;9942;1;0
3075;9953;12;0
3076;9990;4;0
3077;9997;4;0
3078;9997;11;0
3079;9997;5;0
3080;9997;1;0
3081;10004;4;0
3082;10004;11;0
3083;10015;4;0
3084;10022;4;0
3085;10022;11;0
3086;10022;5;21970
3087;10022;1;0
3088;10028;4;0
3089;10028;11;0
3090;10046;12;0
3091;10055;9;2000
3092;10056;9;7515
3093;10059;9;9783
3094;10070;7;139118
3095;10071;7;5121110
3096;10072;7;2691918
3097;10073;7;754111
3098;10074;1;0
3099;10075;1;3244
3100;10076;1;1054897
3101;10077;5;2082767
3102;10078;5;0
3103;10078;1;0
3104;10079;5;0
3105;10079;1;0
3106;10113;4;0
3107;10119;4;0
3108;10119;11;0
3109;10119;5;0
3110;10119;1;0
3111;10126;4;0
3112;10126;11;0
3113;10131;9;18911
3114;10134;9;26022
3115;10156;9;0
3116;10156;5;0
3117;10157;1;9500
3118;10158;1;21937
3119;10159;1;948237
3120;10160;5;0
3121;10160;1;0
3122;10161;5;0
3123;10161;1;0
3124;10162;7;103901
3125;10163;7;5170140
3126;10164;7;2886870
3127;10165;7;750189
3128;10166;5;1840916
3129;10184;12;0
3130;10208;9;18688
3131;10211;9;29700
3132;10233;1;7000
3133;10234;1;42998
3134;10235;1;1110375
3135;10236;5;0
3136;10236;1;0
3137;10237;5;0
3138;10237;1;0
3139;10238;7;62666
3140;10239;7;4547434
3141;10240;7;2653886
3142;10241;7;874441
3143;10242;5;1766826
3144;10253;4;0
3145;10260;4;0
3146;10260;11;0
3147;10260;5;0
3148;10260;1;0
3149;10267;4;0
3150;10267;11;0
3151;10278;12;0
3152;10307;9;28189
3153;10310;9;29800
3154;10321;1;13000
3155;10322;1;50830
3156;10323;1;1122441
3157;10324;5;1174546
3158;10325;7;123897
3159;10326;7;3243397
3160;10327;7;1437196
3161;10328;9;2613
3162;10328;7;829874
3163;10329;5;0
3164;10329;1;0
3165;10342;9;0
3166;10342;5;0
3167;10359;4;0
3168;10366;4;0
3169;10366;11;0
3170;10366;5;0
3171;10366;1;0
3172;10373;4;0
3173;10373;11;0
3174;10375;12;0
3175;10404;5;1762373
3176;10405;1;10000
3177;10406;1;45125
3178;10407;1;1064453
3179;10413;9;8907
3180;10417;9;29070
3181;10439;7;142865
3182;10440;7;4952819
3183;10441;7;2181550
3184;10442;7;424600
3185;10452;4;0
3186;10459;4;0
3187;10459;11;0
3188;10459;5;0
3189;10459;1;0
3190;10466;4;0
3191;10466;11;0
3192;10482;12;0
3193;10505;1;10000
3194;10506;1;65716
3195;10507;1;994227
3196;10512;9;20061
3197;10516;9;46030
3198;10538;7;82445
3199;10539;7;5757472
3200;10540;7;2916961
3201;10541;7;546047
3202;10542;5;1385783
3203;10559;4;0
3204;10566;4;0
3205;10566;11;0
3206;10566;5;0
3207;10566;1;0
3208;10573;4;0
3209;10573;11;0
3210;10584;12;0
3211;10607;9;6451
3212;10611;9;17950
3213;10633;1;6000
3214;10634;1;49917
3215;10635;1;770703
3216;10638;7;4000
3217;10639;7;5201791
3218;10640;7;3242706
3219;10641;7;688154
3220;10642;5;1031741
3221;10659;4;0
3222;10666;4;0
3223;10666;11;0
3224;10666;5;0
3225;10666;1;0
3226;10673;4;0
3227;10673;11;0
3228;10677;12;0
3229;10707;9;26061
3230;10710;9;35310
3231;10732;9;0
3232;10732;5;0
3233;10735;1;59331
3234;10736;1;485596
3235;10737;5;0
3236;10737;1;0
3237;10738;7;202066
3238;10739;7;4915098
3239;10740;7;2424261
3240;10741;7;656025
3241;10742;5;990578
3242;10752;4;0
3243;10759;4;0
3244;10759;11;0
3245;10759;5;0
3246;10759;1;0
3247;10766;4;0
3248;10766;11;0
3249;10777;12;0
3250;10806;5;1042468
3251;10807;7;195261
3252;10808;7;5155240
3253;10809;7;3136719
3254;10810;7;780224
3255;10814;9;20425
3256;10818;9;65364
3257;10839;9;0
3258;10839;5;0
3259;10840;1;500
3260;10841;1;3000
3261;10842;1;32069
3262;10843;1;925051
3263;10844;5;0
3264;10844;1;0
3265;10867;4;0
3266;10874;4;0
3267;10874;11;0
3268;10874;5;0
3269;10874;1;0
3270;10881;4;0
3271;10881;11;0
3272;10890;12;0
3273;10904;5;1351824
3274;10905;7;180061
3275;10906;7;5929778
3276;10907;7;3535528
3277;10908;7;555145
3278;10912;9;23100
3279;10915;9;54240
3280;10936;9;0
3281;10936;5;0
3282;10938;1;3000
3283;10939;1;14000
3284;10940;1;30779
3285;10941;1;989542
3286;10942;5;0
3287;10942;1;0
3288;10963;4;0
3289;10970;4;0
3290;10970;11;0
3291;10970;5;0
3292;10970;1;0
3293;10977;4;0
3294;10977;11;0
3295;10986;12;0
3296;11015;4;0
3297;11022;4;0
3298;11022;11;0
3299;11022;5;0
3300;11022;1;0
3301;11029;4;0
3302;11029;11;0
3303;11030;1;4500
3304;11031;1;12500
3305;11032;1;16510
3306;11033;1;1057863
3307;11034;5;0
3308;11034;1;0
3309;11038;9;7500
3310;11041;9;25579
3311;11060;9;0
3312;11060;5;0
3313;11064;7;175747
3314;11065;7;5821121
3315;11066;7;3508777
3316;11067;7;766365
3317;11068;5;1573475
3318;11086;12;0
3319;11106;5;1398843
3320;11107;7;111907
3321;11108;7;6325036
3322;11109;7;3588931
3323;11110;7;596487
3324;11112;1;5000
3325;11113;1;36511
3326;11114;1;963144
3327;11115;5;0
3328;11115;1;0
3329;11119;9;7538
3330;11123;9;75887
3331;11142;9;0
3332;11142;5;0
3333;11163;4;0
3334;11170;4;0
3335;11170;11;0
3336;11170;5;0
3337;11170;1;0
3338;11177;4;0
3339;11177;11;0
3340;11179;12;0
3341;11206;5;1164199
3342;11208;1;3000
3343;11209;1;54440
3344;11210;1;1029423
3345;11211;5;0
3346;11211;1;0
3347;11212;7;117837
3348;11213;7;5711348
3349;11214;7;3635727
3350;11215;7;602543
3351;11219;9;8871
3352;11222;9;58070
3353;11243;9;0
3354;11243;5;0
3355;11245;12;0
3356;11262;4;0
3357;11275;4;0
3358;11275;11;0
3359;11277;4;0
3360;11277;11;0
3361;11277;5;0
3362;11277;1;0
3363;11307;5;1308798
3364;11308;7;93503
3365;11309;7;5782830
3366;11310;7;3701961
3367;11311;7;780389
3368;11312;1;6000
3369;11313;1;6000
3370;11314;1;46569
3371;11315;1;887919
3372;11316;5;0
3373;11316;1;0
3374;11320;9;1000
3375;11321;9;10472
3376;11325;9;12800
3377;11355;12;0
3378;11379;4;0
3379;11386;4;0
3380;11386;11;0
3381;11386;5;0
3382;11386;1;0
3383;11393;4;0
3384;11393;11;0
3385;11408;5;1170627
3386;11410;1;8000
3387;11411;1;60635
3388;11412;1;954243
3389;11413;5;0
3390;11413;1;0
3391;11414;7;102039
3392;11415;7;5944043
3393;11416;7;3616811
3394;11417;7;643565
3395;11422;9;11121
3396;11426;9;5100
3397;11458;4;0
3398;11465;4;0
3399;11465;11;0
3400;11465;5;0
3401;11465;1;0
3402;11472;4;0
3403;11472;11;0
3404;11488;12;0
3405;11510;12;0
3406;11516;5;991386
3407;11517;7;118143
3408;11518;7;4696614
3409;11519;7;2978504
3410;11520;7;574171
3411;11521;1;2000
3412;11523;1;44459
3413;11524;1;911237
3414;11525;5;0
3415;11525;1;0
3416;11529;9;5000
3417;11530;9;14788
3418;11533;9;9226
3419;11579;4;0
3420;11586;4;0
3421;11586;11;0
3422;11586;5;0
3423;11586;1;0
3424;11593;4;0
3425;11593;11;0
3426;11624;12;0
3427;11631;5;853655
3428;11632;1;4500
3429;11633;1;20000
3430;11634;1;41961
3431;11635;1;657232
3432;11636;7;74500
3433;11637;7;4811258
3434;11638;7;3097016
3435;11639;7;537987
3436;11643;9;9939
3437;11647;9;4700
3438;11657;5;0
3439;11657;1;0
3440;11668;9;0
3441;11668;5;0
3442;11679;4;0
3443;11686;4;0
3444;11686;11;0
3445;11686;5;0
3446;11686;1;0
3447;11693;4;0
3448;11693;11;0
3449;11717;5;1064395
3450;11719;1;3000
3451;11720;1;43242
3452;11721;1;789972
3453;11722;7;24501
3454;11723;7;6609643
3455;11724;7;4185370
3456;11725;7;614702
3457;11730;9;19946
3458;11733;9;7200
3459;11745;5;0
3460;11745;1;0
3461;11764;12;0
3462;11779;4;0
3463;11786;4;0
3464;11786;11;0
3465;11786;5;0
3466;11786;1;0
3467;11793;4;0
3468;11793;11;0
3469;11808;5;1099385
3470;11809;1;8500
3471;11810;1;9000
3472;11811;1;47766
3473;11812;1;662651
3474;11813;7;60000
3475;11814;7;6168785
3476;11815;7;3190470
3477;11816;9;1200
3478;11816;7;723812
3479;11820;9;39360
3480;11835;5;0
3481;11835;1;0
3482;11846;9;0
3483;11846;5;0
3484;11872;4;0
3485;11879;4;0
3486;11879;11;0
3487;11879;5;0
3488;11879;1;0
3489;11886;4;0
3490;11886;11;0
